id,offensive_predictions
0,OFF
1,NOT
2,NOT
3,OFF
4,NOT
5,NOT
6,NOT
7,NOT
8,NOT
9,NOT
10,OFF
11,NOT
12,NOT
13,NOT
14,NOT
15,NOT
16,NOT
17,NOT
18,NOT
19,NOT
20,NOT
21,NOT
22,OFF
23,NOT
24,NOT
25,NOT
26,NOT
27,OFF
28,NOT
29,NOT
30,NOT
31,NOT
32,OFF
33,NOT
34,NOT
35,OFF
36,NOT
37,NOT
38,OFF
39,NOT
40,NOT
41,OFF
42,NOT
43,NOT
44,NOT
45,NOT
46,NOT
47,NOT
48,NOT
49,OFF
50,NOT
51,NOT
52,NOT
53,OFF
54,OFF
55,NOT
56,NOT
57,NOT
58,NOT
59,NOT
60,NOT
61,NOT
62,NOT
63,NOT
64,NOT
65,NOT
66,NOT
67,NOT
68,NOT
69,NOT
70,NOT
71,NOT
72,NOT
73,OFF
74,NOT
75,NOT
76,NOT
77,NOT
78,NOT
79,NOT
80,NOT
81,OFF
82,NOT
83,NOT
84,NOT
85,NOT
86,NOT
87,NOT
88,NOT
89,NOT
90,NOT
91,NOT
92,NOT
93,NOT
94,NOT
95,NOT
96,NOT
97,NOT
98,NOT
99,NOT
100,NOT
101,OFF
102,OFF
103,NOT
104,NOT
105,NOT
106,NOT
107,NOT
108,NOT
109,NOT
110,NOT
111,NOT
112,NOT
113,NOT
114,NOT
115,NOT
116,NOT
117,OFF
118,NOT
119,NOT
120,NOT
121,NOT
122,NOT
123,OFF
124,NOT
125,NOT
126,NOT
127,NOT
128,NOT
129,NOT
130,NOT
131,NOT
132,NOT
133,NOT
134,NOT
135,NOT
136,NOT
137,NOT
138,NOT
139,NOT
140,NOT
141,NOT
142,NOT
143,NOT
144,NOT
145,NOT
146,OFF
147,NOT
148,OFF
149,NOT
150,OFF
151,OFF
152,NOT
153,NOT
154,OFF
155,OFF
156,NOT
157,NOT
158,NOT
159,NOT
160,NOT
161,NOT
162,NOT
163,NOT
164,NOT
165,NOT
166,OFF
167,OFF
168,OFF
169,NOT
170,NOT
171,NOT
172,NOT
173,NOT
174,NOT
175,NOT
176,NOT
177,NOT
178,OFF
179,NOT
180,NOT
181,NOT
182,NOT
183,NOT
184,NOT
185,NOT
186,OFF
187,NOT
188,NOT
189,NOT
190,NOT
191,NOT
192,NOT
193,NOT
194,NOT
195,NOT
196,NOT
197,NOT
198,OFF
199,NOT
200,NOT
201,NOT
202,NOT
203,OFF
204,NOT
205,NOT
206,NOT
207,NOT
208,OFF
209,NOT
210,NOT
211,OFF
212,NOT
213,NOT
214,NOT
215,NOT
216,NOT
217,NOT
218,NOT
219,OFF
220,NOT
221,NOT
222,NOT
223,NOT
224,NOT
225,NOT
226,NOT
227,NOT
228,NOT
229,NOT
230,OFF
231,NOT
232,OFF
233,NOT
234,NOT
235,NOT
236,NOT
237,NOT
238,OFF
239,NOT
240,NOT
241,NOT
242,NOT
243,NOT
244,NOT
245,NOT
246,NOT
247,NOT
248,OFF
249,NOT
250,NOT
251,OFF
252,NOT
253,OFF
254,NOT
255,NOT
256,NOT
257,NOT
258,NOT
259,NOT
260,NOT
261,NOT
262,NOT
263,NOT
264,NOT
265,NOT
266,NOT
267,NOT
268,NOT
269,OFF
270,NOT
271,NOT
272,NOT
273,NOT
274,NOT
275,NOT
276,NOT
277,NOT
278,NOT
279,NOT
280,NOT
281,NOT
282,NOT
283,NOT
284,NOT
285,NOT
286,NOT
287,OFF
288,NOT
289,NOT
290,NOT
291,NOT
292,OFF
293,NOT
294,NOT
295,NOT
296,NOT
297,NOT
298,NOT
299,NOT
300,NOT
301,OFF
302,NOT
303,NOT
304,NOT
305,NOT
306,NOT
307,NOT
308,NOT
309,NOT
310,OFF
311,OFF
312,NOT
313,NOT
314,NOT
315,OFF
316,NOT
317,NOT
318,NOT
319,NOT
320,NOT
321,NOT
322,NOT
323,OFF
324,NOT
325,NOT
326,OFF
327,NOT
328,NOT
329,NOT
330,OFF
331,NOT
332,NOT
333,NOT
334,NOT
335,NOT
336,NOT
337,NOT
338,NOT
339,NOT
340,NOT
341,NOT
342,NOT
343,NOT
344,NOT
345,NOT
346,NOT
347,OFF
348,NOT
349,NOT
350,NOT
351,OFF
352,NOT
353,NOT
354,NOT
355,OFF
356,OFF
357,NOT
358,OFF
359,NOT
360,NOT
361,NOT
362,NOT
363,NOT
364,NOT
365,NOT
366,NOT
367,OFF
368,NOT
369,OFF
370,NOT
371,NOT
372,NOT
373,NOT
374,OFF
375,NOT
376,NOT
377,NOT
378,NOT
379,NOT
380,NOT
381,NOT
382,NOT
383,NOT
384,OFF
385,NOT
386,NOT
387,NOT
388,NOT
389,NOT
390,NOT
391,NOT
392,NOT
393,NOT
394,NOT
395,OFF
396,NOT
397,NOT
398,NOT
399,OFF
400,NOT
401,OFF
402,OFF
403,NOT
404,OFF
405,NOT
406,NOT
407,NOT
408,OFF
409,OFF
410,NOT
411,NOT
412,NOT
413,NOT
414,OFF
415,NOT
416,NOT
417,NOT
418,NOT
419,NOT
420,NOT
421,OFF
422,NOT
423,NOT
424,NOT
425,NOT
426,NOT
427,NOT
428,NOT
429,NOT
430,OFF
431,NOT
432,NOT
433,NOT
434,OFF
435,NOT
436,NOT
437,NOT
438,NOT
439,OFF
440,NOT
441,NOT
442,OFF
443,NOT
444,NOT
445,NOT
446,NOT
447,NOT
448,NOT
449,NOT
450,NOT
451,NOT
452,NOT
453,NOT
454,NOT
455,NOT
456,NOT
457,NOT
458,NOT
459,NOT
460,NOT
461,NOT
462,NOT
463,NOT
464,NOT
465,NOT
466,NOT
467,NOT
468,NOT
469,NOT
470,OFF
471,NOT
472,NOT
473,NOT
474,OFF
475,NOT
476,NOT
477,NOT
478,NOT
479,NOT
480,NOT
481,NOT
482,NOT
483,NOT
484,NOT
485,NOT
486,NOT
487,NOT
488,NOT
489,OFF
490,NOT
491,NOT
492,NOT
493,NOT
494,NOT
495,NOT
496,OFF
497,OFF
498,NOT
499,NOT
500,NOT
501,NOT
502,NOT
503,NOT
504,NOT
505,OFF
506,NOT
507,NOT
508,NOT
509,NOT
510,NOT
511,NOT
512,OFF
513,OFF
514,NOT
515,NOT
516,NOT
517,NOT
518,NOT
519,NOT
520,NOT
521,NOT
522,NOT
523,NOT
524,NOT
525,NOT
526,NOT
527,NOT
528,NOT
529,NOT
530,NOT
531,NOT
532,OFF
533,NOT
534,NOT
535,NOT
536,NOT
537,NOT
538,NOT
539,OFF
540,NOT
541,NOT
542,NOT
543,NOT
544,NOT
545,NOT
546,NOT
547,OFF
548,NOT
549,NOT
550,NOT
551,OFF
552,NOT
553,NOT
554,NOT
555,NOT
556,NOT
557,OFF
558,NOT
559,NOT
560,NOT
561,NOT
562,NOT
563,NOT
564,NOT
565,NOT
566,NOT
567,NOT
568,OFF
569,NOT
570,NOT
571,NOT
572,NOT
573,NOT
574,NOT
575,NOT
576,NOT
577,NOT
578,NOT
579,NOT
580,NOT
581,OFF
582,NOT
583,NOT
584,NOT
585,NOT
586,NOT
587,NOT
588,NOT
589,OFF
590,NOT
591,NOT
592,NOT
593,OFF
594,NOT
595,NOT
596,NOT
597,NOT
598,NOT
599,OFF
600,NOT
601,OFF
602,NOT
603,NOT
604,NOT
605,NOT
606,NOT
607,NOT
608,NOT
609,NOT
610,OFF
611,NOT
612,NOT
613,OFF
614,OFF
615,NOT
616,OFF
617,NOT
618,NOT
619,NOT
620,NOT
621,OFF
622,NOT
623,NOT
624,NOT
625,NOT
626,NOT
627,NOT
628,NOT
629,NOT
630,NOT
631,NOT
632,NOT
633,OFF
634,NOT
635,NOT
636,NOT
637,NOT
638,OFF
639,NOT
640,NOT
641,NOT
642,NOT
643,NOT
644,NOT
645,NOT
646,NOT
647,NOT
648,NOT
649,NOT
650,NOT
651,NOT
652,NOT
653,NOT
654,NOT
655,NOT
656,NOT
657,OFF
658,NOT
659,NOT
660,NOT
661,NOT
662,NOT
663,NOT
664,NOT
665,NOT
666,NOT
667,OFF
668,NOT
669,NOT
670,NOT
671,OFF
672,OFF
673,NOT
674,NOT
675,NOT
676,NOT
677,NOT
678,NOT
679,NOT
680,OFF
681,NOT
682,NOT
683,NOT
684,OFF
685,NOT
686,OFF
687,OFF
688,NOT
689,NOT
690,OFF
691,NOT
692,NOT
693,NOT
694,NOT
695,NOT
696,NOT
697,NOT
698,OFF
699,NOT
700,NOT
701,NOT
702,NOT
703,NOT
704,NOT
705,NOT
706,NOT
707,NOT
708,NOT
709,NOT
710,NOT
711,NOT
712,NOT
713,NOT
714,NOT
715,NOT
716,NOT
717,NOT
718,OFF
719,NOT
720,NOT
721,NOT
722,OFF
723,NOT
724,NOT
725,NOT
726,NOT
727,NOT
728,NOT
729,NOT
730,NOT
731,NOT
732,OFF
733,NOT
734,NOT
735,NOT
736,NOT
737,NOT
738,NOT
739,NOT
740,NOT
741,NOT
742,OFF
743,OFF
744,NOT
745,NOT
746,NOT
747,NOT
748,OFF
749,NOT
750,NOT
751,NOT
752,OFF
753,OFF
754,OFF
755,NOT
756,NOT
757,NOT
758,NOT
759,NOT
760,NOT
761,NOT
762,NOT
763,NOT
764,OFF
765,NOT
766,NOT
767,NOT
768,NOT
769,NOT
770,NOT
771,NOT
772,NOT
773,NOT
774,NOT
775,NOT
776,NOT
777,NOT
778,NOT
779,OFF
780,NOT
781,NOT
782,NOT
783,NOT
784,OFF
785,NOT
786,NOT
787,NOT
788,OFF
789,NOT
790,NOT
791,NOT
792,NOT
793,NOT
794,NOT
795,NOT
796,NOT
797,NOT
798,NOT
799,NOT
800,NOT
801,NOT
802,NOT
803,NOT
804,NOT
805,NOT
806,NOT
807,NOT
808,NOT
809,OFF
810,NOT
811,NOT
812,NOT
813,NOT
814,NOT
815,NOT
816,NOT
817,OFF
818,NOT
819,NOT
820,NOT
821,NOT
822,NOT
823,NOT
824,NOT
825,NOT
826,NOT
827,NOT
828,NOT
829,NOT
830,NOT
831,NOT
832,NOT
833,NOT
834,NOT
835,OFF
836,NOT
837,NOT
838,OFF
839,NOT
840,NOT
841,NOT
842,NOT
843,NOT
844,NOT
845,NOT
846,NOT
847,NOT
848,NOT
849,NOT
850,NOT
851,NOT
852,NOT
853,NOT
854,NOT
855,NOT
856,NOT
857,NOT
858,NOT
859,OFF
860,NOT
861,NOT
862,NOT
863,NOT
864,NOT
865,NOT
866,NOT
867,NOT
868,NOT
869,NOT
870,NOT
871,NOT
872,NOT
873,NOT
874,NOT
875,NOT
876,NOT
877,OFF
878,NOT
879,NOT
880,NOT
881,NOT
882,NOT
883,NOT
884,NOT
885,NOT
886,NOT
887,OFF
888,NOT
889,NOT
890,NOT
891,OFF
892,NOT
893,NOT
894,NOT
895,NOT
896,NOT
897,OFF
898,NOT
899,NOT
900,NOT
901,OFF
902,NOT
903,NOT
904,NOT
905,OFF
906,OFF
907,NOT
908,NOT
909,OFF
910,NOT
911,NOT
912,NOT
913,NOT
914,NOT
915,OFF
916,NOT
917,NOT
918,NOT
919,NOT
920,NOT
921,NOT
922,NOT
923,NOT
924,NOT
925,NOT
926,NOT
927,NOT
928,NOT
929,NOT
930,NOT
931,NOT
932,NOT
933,NOT
934,NOT
935,NOT
936,NOT
937,NOT
938,NOT
939,NOT
940,NOT
941,OFF
942,NOT
943,NOT
944,NOT
945,NOT
946,NOT
947,NOT
948,NOT
949,NOT
950,NOT
951,NOT
952,NOT
953,NOT
954,NOT
955,NOT
956,NOT
957,NOT
958,NOT
959,NOT
960,OFF
961,NOT
962,NOT
963,NOT
964,NOT
965,OFF
966,OFF
967,OFF
968,NOT
969,NOT
970,NOT
971,NOT
972,NOT
973,NOT
974,NOT
975,NOT
976,NOT
977,NOT
978,NOT
979,OFF
980,OFF
981,NOT
982,NOT
983,NOT
984,OFF
985,NOT
986,NOT
987,NOT
988,NOT
989,OFF
990,NOT
991,NOT
992,NOT
993,NOT
994,OFF
995,OFF
996,NOT
997,NOT
998,NOT
999,NOT
1000,NOT
1001,NOT
1002,NOT
1003,NOT
1004,NOT
1005,OFF
1006,NOT
1007,NOT
1008,NOT
1009,NOT
1010,OFF
1011,NOT
1012,NOT
1013,NOT
1014,NOT
1015,OFF
1016,NOT
1017,NOT
1018,NOT
1019,NOT
1020,NOT
1021,NOT
1022,NOT
1023,NOT
1024,NOT
1025,NOT
1026,NOT
1027,NOT
1028,NOT
1029,NOT
1030,OFF
1031,NOT
1032,NOT
1033,OFF
1034,OFF
1035,NOT
1036,NOT
1037,NOT
1038,NOT
1039,NOT
1040,NOT
1041,NOT
1042,NOT
1043,NOT
1044,NOT
1045,NOT
1046,NOT
1047,NOT
1048,NOT
1049,NOT
1050,OFF
1051,NOT
1052,NOT
1053,NOT
1054,NOT
1055,NOT
1056,OFF
1057,NOT
1058,NOT
1059,NOT
1060,NOT
1061,NOT
1062,NOT
1063,NOT
1064,NOT
1065,OFF
1066,NOT
1067,NOT
1068,NOT
1069,NOT
1070,NOT
1071,NOT
1072,NOT
1073,NOT
1074,OFF
1075,NOT
1076,NOT
1077,NOT
1078,OFF
1079,OFF
1080,NOT
1081,NOT
1082,OFF
1083,NOT
1084,NOT
1085,NOT
1086,NOT
1087,NOT
1088,NOT
1089,NOT
1090,NOT
1091,OFF
1092,NOT
1093,NOT
1094,NOT
1095,NOT
1096,NOT
1097,NOT
1098,OFF
1099,NOT
1100,NOT
1101,NOT
1102,NOT
1103,NOT
1104,NOT
1105,NOT
1106,NOT
1107,NOT
1108,NOT
1109,NOT
1110,NOT
1111,NOT
1112,OFF
1113,NOT
1114,NOT
1115,NOT
1116,NOT
1117,NOT
1118,NOT
1119,NOT
1120,OFF
1121,NOT
1122,NOT
1123,NOT
1124,NOT
1125,NOT
1126,NOT
1127,NOT
1128,NOT
1129,NOT
1130,OFF
1131,NOT
1132,NOT
1133,NOT
1134,NOT
1135,NOT
1136,NOT
1137,OFF
1138,OFF
1139,NOT
1140,NOT
1141,NOT
1142,NOT
1143,NOT
1144,NOT
1145,NOT
1146,NOT
1147,NOT
1148,OFF
1149,NOT
1150,NOT
1151,NOT
1152,NOT
1153,NOT
1154,NOT
1155,NOT
1156,NOT
1157,NOT
1158,OFF
1159,OFF
1160,OFF
1161,NOT
1162,NOT
1163,NOT
1164,NOT
1165,NOT
1166,NOT
1167,NOT
1168,OFF
1169,NOT
1170,NOT
1171,NOT
1172,OFF
1173,OFF
1174,OFF
1175,NOT
1176,NOT
1177,NOT
1178,OFF
1179,NOT
1180,NOT
1181,NOT
1182,NOT
1183,NOT
1184,OFF
1185,OFF
1186,NOT
1187,NOT
1188,NOT
1189,NOT
1190,NOT
1191,NOT
1192,NOT
1193,NOT
1194,NOT
1195,NOT
1196,NOT
1197,OFF
1198,NOT
1199,NOT
1200,OFF
1201,NOT
1202,NOT
1203,NOT
1204,NOT
1205,NOT
1206,NOT
1207,NOT
1208,NOT
1209,NOT
1210,NOT
1211,NOT
1212,OFF
1213,NOT
1214,NOT
1215,NOT
1216,NOT
1217,NOT
1218,NOT
1219,OFF
1220,OFF
1221,NOT
1222,NOT
1223,OFF
1224,OFF
1225,OFF
1226,NOT
1227,NOT
1228,NOT
1229,NOT
1230,NOT
1231,NOT
1232,NOT
1233,NOT
1234,NOT
1235,NOT
1236,NOT
1237,NOT
1238,NOT
1239,NOT
1240,NOT
1241,NOT
1242,NOT
1243,NOT
1244,NOT
1245,NOT
1246,NOT
1247,NOT
1248,NOT
1249,NOT
1250,NOT
1251,NOT
1252,NOT
1253,NOT
1254,NOT
1255,NOT
1256,NOT
1257,NOT
1258,NOT
1259,OFF
1260,NOT
1261,NOT
1262,NOT
1263,NOT
1264,NOT
1265,NOT
1266,NOT
1267,NOT
1268,NOT
1269,NOT
1270,NOT
1271,OFF
1272,NOT
1273,NOT
1274,NOT
1275,NOT
1276,OFF
1277,NOT
1278,NOT
1279,OFF
1280,NOT
1281,NOT
1282,NOT
1283,NOT
1284,NOT
1285,NOT
1286,NOT
1287,NOT
1288,NOT
1289,NOT
1290,NOT
1291,NOT
1292,NOT
1293,OFF
1294,NOT
1295,NOT
1296,NOT
1297,NOT
1298,NOT
1299,NOT
1300,NOT
1301,NOT
1302,NOT
1303,NOT
1304,NOT
1305,OFF
1306,NOT
1307,NOT
1308,NOT
1309,NOT
1310,NOT
1311,NOT
1312,OFF
1313,NOT
1314,NOT
1315,OFF
1316,NOT
1317,NOT
1318,NOT
1319,OFF
1320,NOT
1321,NOT
1322,NOT
1323,NOT
1324,NOT
1325,NOT
1326,NOT
1327,NOT
1328,NOT
1329,OFF
1330,NOT
1331,OFF
1332,NOT
1333,OFF
1334,NOT
1335,NOT
1336,NOT
1337,NOT
1338,OFF
1339,NOT
1340,NOT
1341,NOT
1342,NOT
1343,NOT
1344,NOT
1345,OFF
1346,NOT
1347,OFF
1348,NOT
1349,NOT
1350,NOT
1351,NOT
1352,NOT
1353,NOT
1354,OFF
1355,NOT
1356,NOT
1357,NOT
1358,NOT
1359,NOT
1360,NOT
1361,NOT
1362,NOT
1363,NOT
1364,NOT
1365,NOT
1366,NOT
1367,NOT
1368,NOT
1369,NOT
1370,NOT
1371,NOT
1372,NOT
1373,NOT
1374,NOT
1375,OFF
1376,NOT
1377,NOT
1378,NOT
1379,OFF
1380,NOT
1381,NOT
1382,NOT
1383,NOT
1384,NOT
1385,NOT
1386,OFF
1387,NOT
1388,OFF
1389,NOT
1390,NOT
1391,NOT
1392,NOT
1393,NOT
1394,NOT
1395,NOT
1396,NOT
1397,NOT
1398,NOT
1399,NOT
1400,NOT
1401,NOT
1402,NOT
1403,NOT
1404,NOT
1405,NOT
1406,NOT
1407,NOT
1408,NOT
1409,OFF
1410,NOT
1411,NOT
1412,NOT
1413,NOT
1414,NOT
1415,NOT
1416,NOT
1417,NOT
1418,NOT
1419,OFF
1420,NOT
1421,OFF
1422,OFF
1423,NOT
1424,NOT
1425,NOT
1426,NOT
1427,NOT
1428,NOT
1429,NOT
1430,NOT
1431,NOT
1432,OFF
1433,NOT
1434,NOT
1435,NOT
1436,NOT
1437,NOT
1438,NOT
1439,NOT
1440,OFF
1441,OFF
1442,NOT
1443,NOT
1444,NOT
1445,NOT
1446,NOT
1447,NOT
1448,NOT
1449,NOT
1450,NOT
1451,OFF
1452,OFF
1453,NOT
1454,NOT
1455,OFF
1456,OFF
1457,NOT
1458,NOT
1459,NOT
1460,OFF
1461,NOT
1462,OFF
1463,NOT
1464,NOT
1465,NOT
1466,NOT
1467,OFF
1468,NOT
1469,NOT
1470,NOT
1471,NOT
1472,NOT
1473,NOT
1474,OFF
1475,NOT
1476,OFF
1477,NOT
1478,NOT
1479,NOT
1480,NOT
1481,NOT
1482,NOT
1483,NOT
1484,NOT
1485,NOT
1486,NOT
1487,OFF
1488,NOT
1489,NOT
1490,OFF
1491,NOT
1492,NOT
1493,OFF
1494,NOT
1495,NOT
1496,NOT
1497,OFF
1498,NOT
1499,NOT
1500,NOT
1501,NOT
1502,NOT
1503,NOT
1504,NOT
1505,NOT
1506,OFF
1507,NOT
1508,NOT
1509,NOT
1510,NOT
1511,OFF
1512,NOT
1513,NOT
1514,OFF
1515,NOT
1516,NOT
1517,NOT
1518,NOT
1519,NOT
1520,OFF
1521,OFF
1522,NOT
1523,NOT
1524,NOT
1525,NOT
1526,NOT
1527,OFF
1528,NOT
1529,NOT
1530,NOT
1531,NOT
1532,OFF
1533,NOT
1534,NOT
1535,NOT
1536,OFF
1537,NOT
1538,NOT
1539,NOT
1540,NOT
1541,NOT
1542,NOT
1543,NOT
1544,NOT
1545,NOT
1546,NOT
1547,NOT
1548,NOT
1549,OFF
1550,NOT
1551,NOT
1552,NOT
1553,NOT
1554,NOT
1555,NOT
1556,NOT
1557,NOT
1558,NOT
1559,NOT
1560,NOT
1561,OFF
1562,NOT
1563,NOT
1564,NOT
1565,NOT
1566,OFF
1567,NOT
1568,NOT
1569,NOT
1570,NOT
1571,NOT
1572,OFF
1573,NOT
1574,NOT
1575,NOT
1576,NOT
1577,OFF
1578,NOT
1579,NOT
1580,NOT
1581,NOT
1582,NOT
1583,NOT
1584,NOT
1585,NOT
1586,NOT
1587,NOT
1588,OFF
1589,OFF
1590,NOT
1591,NOT
1592,NOT
1593,NOT
1594,NOT
1595,NOT
1596,OFF
1597,NOT
1598,NOT
1599,NOT
1600,NOT
1601,NOT
1602,NOT
1603,NOT
1604,NOT
1605,NOT
1606,NOT
1607,NOT
1608,NOT
1609,NOT
1610,OFF
1611,NOT
1612,NOT
1613,NOT
1614,NOT
1615,NOT
1616,NOT
1617,NOT
1618,NOT
1619,NOT
1620,NOT
1621,NOT
1622,NOT
1623,OFF
1624,OFF
1625,NOT
1626,NOT
1627,NOT
1628,NOT
1629,NOT
1630,NOT
1631,OFF
1632,OFF
1633,NOT
1634,NOT
1635,NOT
1636,NOT
1637,NOT
1638,NOT
1639,NOT
1640,NOT
1641,OFF
1642,NOT
1643,NOT
1644,NOT
1645,NOT
1646,NOT
1647,NOT
1648,NOT
1649,NOT
1650,OFF
1651,NOT
1652,NOT
1653,NOT
1654,NOT
1655,NOT
1656,NOT
1657,OFF
1658,NOT
1659,NOT
1660,NOT
1661,NOT
1662,NOT
1663,OFF
1664,OFF
1665,OFF
1666,OFF
1667,NOT
1668,NOT
1669,OFF
1670,NOT
1671,NOT
1672,NOT
1673,NOT
1674,OFF
1675,NOT
1676,NOT
1677,NOT
1678,OFF
1679,NOT
1680,OFF
1681,NOT
1682,NOT
1683,NOT
1684,NOT
1685,NOT
1686,NOT
1687,NOT
1688,OFF
1689,NOT
1690,NOT
1691,NOT
1692,NOT
1693,NOT
1694,NOT
1695,NOT
1696,NOT
1697,NOT
1698,NOT
1699,NOT
1700,OFF
1701,NOT
1702,NOT
1703,OFF
1704,NOT
1705,NOT
1706,NOT
1707,NOT
1708,NOT
1709,NOT
1710,NOT
1711,OFF
1712,NOT
1713,OFF
1714,NOT
1715,NOT
1716,NOT
1717,NOT
1718,NOT
1719,NOT
1720,NOT
1721,NOT
1722,OFF
1723,NOT
1724,NOT
1725,NOT
1726,OFF
1727,OFF
1728,NOT
1729,NOT
1730,NOT
1731,NOT
1732,NOT
1733,OFF
1734,NOT
1735,NOT
1736,NOT
1737,NOT
1738,NOT
1739,OFF
1740,NOT
1741,NOT
1742,NOT
1743,NOT
1744,NOT
1745,NOT
1746,NOT
1747,NOT
1748,NOT
1749,NOT
1750,NOT
1751,NOT
1752,NOT
1753,NOT
1754,NOT
1755,OFF
1756,NOT
1757,NOT
1758,NOT
1759,NOT
1760,NOT
1761,OFF
1762,OFF
1763,NOT
1764,OFF
1765,NOT
1766,NOT
1767,OFF
1768,NOT
1769,NOT
1770,NOT
1771,NOT
1772,NOT
1773,NOT
1774,NOT
1775,NOT
1776,NOT
1777,NOT
1778,NOT
1779,NOT
1780,NOT
1781,NOT
1782,NOT
1783,OFF
1784,NOT
1785,OFF
1786,NOT
1787,OFF
1788,NOT
1789,NOT
1790,NOT
1791,NOT
1792,NOT
1793,NOT
1794,OFF
1795,NOT
1796,NOT
1797,NOT
1798,NOT
1799,NOT
1800,NOT
1801,NOT
1802,NOT
1803,NOT
1804,NOT
1805,NOT
1806,NOT
1807,NOT
1808,NOT
1809,NOT
1810,NOT
1811,NOT
1812,OFF
1813,NOT
1814,OFF
1815,NOT
1816,NOT
1817,NOT
1818,OFF
1819,NOT
1820,NOT
1821,OFF
1822,NOT
1823,NOT
1824,NOT
1825,NOT
1826,NOT
1827,NOT
1828,OFF
1829,NOT
1830,NOT
1831,NOT
1832,OFF
1833,OFF
1834,OFF
1835,OFF
1836,NOT
1837,NOT
1838,NOT
1839,NOT
1840,NOT
1841,NOT
1842,NOT
1843,NOT
1844,NOT
1845,OFF
1846,NOT
1847,NOT
1848,NOT
1849,NOT
1850,OFF
1851,NOT
1852,NOT
1853,NOT
1854,NOT
1855,NOT
1856,NOT
1857,NOT
1858,NOT
1859,OFF
1860,NOT
1861,NOT
1862,NOT
1863,NOT
1864,NOT
1865,NOT
1866,OFF
1867,NOT
1868,NOT
1869,NOT
1870,NOT
1871,NOT
1872,NOT
1873,NOT
1874,NOT
1875,NOT
1876,NOT
1877,NOT
1878,NOT
1879,OFF
1880,NOT
1881,NOT
1882,OFF
1883,OFF
1884,NOT
1885,OFF
1886,NOT
1887,OFF
1888,NOT
1889,NOT
1890,OFF
1891,NOT
1892,NOT
1893,NOT
1894,NOT
1895,OFF
1896,OFF
1897,NOT
1898,NOT
1899,NOT
1900,NOT
1901,NOT
1902,NOT
1903,NOT
1904,NOT
1905,NOT
1906,NOT
1907,NOT
1908,OFF
1909,NOT
1910,NOT
1911,NOT
1912,NOT
1913,OFF
1914,OFF
1915,NOT
1916,NOT
1917,NOT
1918,NOT
1919,NOT
1920,NOT
1921,NOT
1922,NOT
1923,NOT
1924,NOT
1925,NOT
1926,NOT
1927,NOT
1928,NOT
1929,NOT
1930,NOT
1931,NOT
1932,NOT
1933,NOT
1934,OFF
1935,NOT
1936,NOT
1937,NOT
1938,OFF
1939,NOT
1940,NOT
1941,NOT
1942,NOT
1943,NOT
1944,NOT
1945,NOT
1946,NOT
1947,NOT
1948,NOT
1949,NOT
1950,NOT
1951,NOT
1952,NOT
1953,OFF
1954,NOT
1955,NOT
1956,OFF
1957,NOT
1958,NOT
1959,NOT
1960,NOT
1961,OFF
1962,NOT
1963,NOT
1964,NOT
1965,NOT
1966,NOT
1967,OFF
1968,NOT
1969,NOT
1970,NOT
1971,NOT
1972,NOT
1973,NOT
1974,NOT
1975,NOT
1976,OFF
1977,NOT
1978,NOT
1979,NOT
1980,NOT
1981,NOT
1982,NOT
1983,NOT
1984,OFF
1985,NOT
1986,NOT
1987,NOT
1988,OFF
1989,NOT
1990,OFF
1991,NOT
1992,NOT
1993,NOT
1994,NOT
1995,NOT
1996,NOT
1997,NOT
1998,NOT
1999,NOT
2000,OFF
2001,NOT
2002,NOT
2003,NOT
2004,NOT
2005,NOT
2006,NOT
2007,NOT
2008,NOT
2009,NOT
2010,NOT
2011,NOT
2012,NOT
2013,NOT
2014,OFF
2015,NOT
2016,OFF
2017,OFF
2018,NOT
2019,NOT
2020,NOT
2021,NOT
2022,NOT
2023,NOT
2024,NOT
2025,NOT
2026,NOT
2027,NOT
2028,NOT
2029,NOT
2030,NOT
2031,NOT
2032,NOT
2033,OFF
2034,NOT
2035,OFF
2036,NOT
2037,NOT
2038,NOT
2039,NOT
2040,NOT
2041,NOT
2042,NOT
2043,OFF
2044,NOT
2045,OFF
2046,NOT
2047,NOT
2048,NOT
2049,OFF
2050,NOT
2051,OFF
2052,NOT
2053,NOT
2054,OFF
2055,OFF
2056,NOT
2057,NOT
2058,OFF
2059,OFF
2060,NOT
2061,NOT
2062,NOT
2063,NOT
2064,NOT
2065,NOT
2066,NOT
2067,NOT
2068,NOT
2069,NOT
2070,NOT
2071,NOT
2072,NOT
2073,NOT
2074,NOT
2075,NOT
2076,NOT
2077,NOT
2078,NOT
2079,OFF
2080,OFF
2081,NOT
2082,NOT
2083,NOT
2084,OFF
2085,NOT
2086,NOT
2087,NOT
2088,NOT
2089,NOT
2090,NOT
2091,NOT
2092,NOT
2093,OFF
2094,NOT
2095,NOT
2096,NOT
2097,NOT
2098,NOT
2099,NOT
2100,NOT
2101,NOT
2102,NOT
2103,NOT
2104,NOT
2105,NOT
2106,NOT
2107,OFF
2108,NOT
2109,NOT
2110,NOT
2111,OFF
2112,NOT
2113,OFF
2114,NOT
2115,NOT
2116,NOT
2117,NOT
2118,NOT
2119,NOT
2120,NOT
2121,NOT
2122,NOT
2123,NOT
2124,NOT
2125,OFF
2126,NOT
2127,NOT
2128,NOT
2129,NOT
2130,NOT
2131,NOT
2132,NOT
2133,NOT
2134,NOT
2135,NOT
2136,NOT
2137,NOT
2138,NOT
2139,NOT
2140,NOT
2141,OFF
2142,NOT
2143,NOT
2144,NOT
2145,OFF
2146,OFF
2147,OFF
2148,NOT
2149,NOT
2150,NOT
2151,NOT
2152,NOT
2153,NOT
2154,NOT
2155,NOT
2156,OFF
2157,NOT
2158,NOT
2159,NOT
2160,NOT
2161,NOT
2162,OFF
2163,OFF
2164,NOT
2165,NOT
2166,NOT
2167,OFF
2168,NOT
2169,NOT
2170,NOT
2171,NOT
2172,NOT
2173,NOT
2174,NOT
2175,NOT
2176,NOT
2177,NOT
2178,NOT
2179,NOT
2180,OFF
2181,NOT
2182,NOT
2183,NOT
2184,NOT
2185,NOT
2186,OFF
2187,NOT
2188,NOT
2189,NOT
2190,OFF
2191,NOT
2192,NOT
2193,NOT
2194,NOT
2195,NOT
2196,NOT
2197,NOT
2198,NOT
2199,NOT
2200,OFF
2201,NOT
2202,NOT
2203,OFF
2204,NOT
2205,NOT
2206,OFF
2207,NOT
2208,OFF
2209,NOT
2210,NOT
2211,OFF
2212,NOT
2213,NOT
2214,NOT
2215,NOT
2216,OFF
2217,OFF
2218,OFF
2219,NOT
2220,NOT
2221,NOT
2222,OFF
2223,NOT
2224,NOT
2225,NOT
2226,NOT
2227,NOT
2228,NOT
2229,NOT
2230,NOT
2231,NOT
2232,NOT
2233,NOT
2234,NOT
2235,NOT
2236,NOT
2237,NOT
2238,NOT
2239,NOT
2240,NOT
2241,NOT
2242,NOT
2243,NOT
2244,OFF
2245,NOT
2246,OFF
2247,OFF
2248,NOT
2249,NOT
2250,NOT
2251,NOT
2252,NOT
2253,NOT
2254,NOT
2255,NOT
2256,NOT
2257,NOT
2258,OFF
2259,NOT
2260,NOT
2261,NOT
2262,NOT
2263,OFF
2264,NOT
2265,NOT
2266,NOT
2267,NOT
2268,OFF
2269,NOT
2270,OFF
2271,OFF
2272,NOT
2273,NOT
2274,NOT
2275,OFF
2276,NOT
2277,NOT
2278,OFF
2279,NOT
2280,NOT
2281,NOT
2282,OFF
2283,NOT
2284,NOT
2285,NOT
2286,NOT
2287,NOT
2288,NOT
2289,OFF
2290,NOT
2291,NOT
2292,NOT
2293,NOT
2294,NOT
2295,NOT
2296,NOT
2297,NOT
2298,NOT
2299,OFF
2300,NOT
2301,NOT
2302,NOT
2303,NOT
2304,NOT
2305,NOT
2306,NOT
2307,NOT
2308,NOT
2309,NOT
2310,OFF
2311,NOT
2312,NOT
2313,NOT
2314,NOT
2315,NOT
2316,OFF
2317,NOT
2318,NOT
2319,NOT
2320,NOT
2321,NOT
2322,NOT
2323,NOT
2324,NOT
2325,OFF
2326,NOT
2327,NOT
2328,OFF
2329,NOT
2330,NOT
2331,OFF
2332,NOT
2333,NOT
2334,NOT
2335,NOT
2336,NOT
2337,NOT
2338,NOT
2339,NOT
2340,NOT
2341,NOT
2342,NOT
2343,NOT
2344,NOT
2345,NOT
2346,NOT
2347,NOT
2348,NOT
2349,NOT
2350,NOT
2351,NOT
2352,NOT
2353,NOT
2354,NOT
2355,NOT
2356,OFF
2357,NOT
2358,NOT
2359,NOT
2360,NOT
2361,NOT
2362,NOT
2363,NOT
2364,NOT
2365,NOT
2366,NOT
2367,NOT
2368,NOT
2369,NOT
2370,NOT
2371,NOT
2372,NOT
2373,NOT
2374,NOT
2375,OFF
2376,NOT
2377,OFF
2378,NOT
2379,NOT
2380,NOT
2381,NOT
2382,NOT
2383,NOT
2384,NOT
2385,NOT
2386,NOT
2387,OFF
2388,NOT
2389,NOT
2390,NOT
2391,NOT
2392,NOT
2393,NOT
2394,NOT
2395,NOT
2396,NOT
2397,OFF
2398,OFF
2399,NOT
2400,OFF
2401,OFF
2402,OFF
2403,NOT
2404,NOT
2405,NOT
2406,NOT
2407,NOT
2408,NOT
2409,NOT
2410,NOT
2411,NOT
2412,NOT
2413,NOT
2414,NOT
2415,NOT
2416,NOT
2417,NOT
2418,NOT
2419,NOT
2420,NOT
2421,NOT
2422,NOT
2423,OFF
2424,NOT
2425,NOT
2426,NOT
2427,OFF
2428,NOT
2429,OFF
2430,NOT
2431,NOT
2432,NOT
2433,NOT
2434,NOT
2435,NOT
2436,NOT
2437,NOT
2438,NOT
2439,NOT
2440,NOT
2441,NOT
2442,NOT
2443,OFF
2444,OFF
2445,NOT
2446,NOT
2447,NOT
2448,NOT
2449,NOT
2450,NOT
2451,NOT
2452,NOT
2453,OFF
2454,NOT
2455,NOT
2456,NOT
2457,NOT
2458,NOT
2459,NOT
2460,NOT
2461,NOT
2462,NOT
2463,NOT
2464,NOT
2465,NOT
2466,NOT
2467,NOT
2468,NOT
2469,NOT
2470,NOT
2471,NOT
2472,NOT
2473,NOT
2474,NOT
2475,NOT
2476,NOT
2477,OFF
2478,NOT
2479,NOT
2480,NOT
2481,OFF
2482,NOT
2483,OFF
2484,NOT
2485,NOT
2486,NOT
2487,NOT
2488,NOT
2489,NOT
2490,OFF
2491,NOT
2492,NOT
2493,NOT
2494,NOT
2495,NOT
2496,NOT
2497,NOT
2498,OFF
2499,NOT
2500,OFF
2501,NOT
2502,NOT
2503,NOT
2504,NOT
2505,NOT
2506,NOT
2507,NOT
2508,NOT
2509,NOT
2510,NOT
2511,NOT
2512,NOT
2513,NOT
2514,NOT
2515,NOT
2516,NOT
2517,NOT
2518,NOT
2519,NOT
2520,NOT
2521,NOT
2522,NOT
2523,NOT
2524,OFF
2525,NOT
2526,NOT
2527,NOT
2528,NOT
2529,NOT
2530,NOT
2531,NOT
2532,NOT
2533,NOT
2534,OFF
2535,NOT
2536,NOT
2537,NOT
2538,NOT
2539,NOT
2540,NOT
2541,NOT
2542,NOT
2543,NOT
2544,OFF
2545,OFF
2546,NOT
2547,NOT
2548,NOT
2549,NOT
2550,NOT
2551,NOT
2552,NOT
2553,NOT
2554,NOT
2555,NOT
2556,OFF
2557,NOT
2558,NOT
2559,NOT
2560,OFF
2561,NOT
2562,NOT
2563,NOT
2564,NOT
2565,NOT
2566,NOT
2567,NOT
2568,NOT
2569,NOT
2570,NOT
2571,NOT
2572,NOT
2573,NOT
2574,NOT
2575,NOT
2576,NOT
2577,OFF
2578,NOT
2579,NOT
2580,NOT
2581,OFF
2582,NOT
2583,NOT
2584,NOT
2585,OFF
2586,NOT
2587,NOT
2588,NOT
2589,NOT
2590,NOT
2591,NOT
2592,NOT
2593,NOT
2594,NOT
2595,OFF
2596,NOT
2597,NOT
2598,NOT
2599,NOT
2600,NOT
2601,NOT
2602,OFF
2603,NOT
2604,NOT
2605,NOT
2606,NOT
2607,NOT
2608,OFF
2609,NOT
2610,NOT
2611,OFF
2612,NOT
2613,OFF
2614,NOT
2615,NOT
2616,NOT
2617,NOT
2618,NOT
2619,NOT
2620,NOT
2621,NOT
2622,NOT
2623,NOT
2624,NOT
2625,NOT
2626,OFF
2627,NOT
2628,NOT
2629,NOT
2630,NOT
2631,NOT
2632,NOT
2633,NOT
2634,NOT
2635,NOT
2636,NOT
2637,NOT
2638,NOT
2639,NOT
2640,NOT
2641,NOT
2642,NOT
2643,NOT
2644,NOT
2645,NOT
2646,NOT
2647,NOT
2648,NOT
2649,OFF
2650,NOT
2651,OFF
2652,NOT
2653,NOT
2654,NOT
2655,NOT
2656,NOT
2657,NOT
2658,NOT
2659,NOT
2660,NOT
2661,NOT
2662,NOT
2663,OFF
2664,OFF
2665,OFF
2666,NOT
2667,NOT
2668,NOT
2669,NOT
2670,NOT
2671,NOT
2672,OFF
2673,NOT
2674,OFF
2675,NOT
2676,OFF
2677,NOT
2678,NOT
2679,OFF
2680,NOT
2681,NOT
2682,NOT
2683,NOT
2684,NOT
2685,NOT
2686,OFF
2687,NOT
2688,NOT
2689,NOT
2690,NOT
2691,NOT
2692,NOT
2693,NOT
2694,NOT
2695,NOT
2696,NOT
2697,NOT
2698,OFF
2699,NOT
2700,NOT
2701,NOT
2702,OFF
2703,NOT
2704,NOT
2705,NOT
2706,NOT
2707,NOT
2708,NOT
2709,NOT
2710,NOT
2711,NOT
2712,NOT
2713,NOT
2714,NOT
2715,NOT
2716,OFF
2717,NOT
2718,NOT
2719,OFF
2720,NOT
2721,OFF
2722,NOT
2723,NOT
2724,OFF
2725,OFF
2726,NOT
2727,NOT
2728,NOT
2729,NOT
2730,NOT
2731,NOT
2732,OFF
2733,NOT
2734,NOT
2735,OFF
2736,NOT
2737,NOT
2738,NOT
2739,NOT
2740,NOT
2741,NOT
2742,NOT
2743,NOT
2744,NOT
2745,NOT
2746,NOT
2747,NOT
2748,NOT
2749,NOT
2750,NOT
2751,OFF
2752,OFF
2753,OFF
2754,NOT
2755,OFF
2756,NOT
2757,NOT
2758,NOT
2759,NOT
2760,NOT
2761,NOT
2762,NOT
2763,NOT
2764,NOT
2765,OFF
2766,NOT
2767,NOT
2768,NOT
2769,NOT
2770,NOT
2771,NOT
2772,OFF
2773,NOT
2774,NOT
2775,NOT
2776,NOT
2777,OFF
2778,NOT
2779,NOT
2780,NOT
2781,OFF
2782,OFF
2783,NOT
2784,OFF
2785,NOT
2786,OFF
2787,NOT
2788,OFF
2789,NOT
2790,NOT
2791,NOT
2792,NOT
2793,NOT
2794,NOT
2795,NOT
2796,NOT
2797,NOT
2798,NOT
2799,NOT
2800,NOT
2801,NOT
2802,NOT
2803,OFF
2804,NOT
2805,NOT
2806,OFF
2807,NOT
2808,OFF
2809,NOT
2810,NOT
2811,NOT
2812,NOT
2813,NOT
2814,NOT
2815,NOT
2816,OFF
2817,NOT
2818,NOT
2819,OFF
2820,OFF
2821,NOT
2822,OFF
2823,OFF
2824,NOT
2825,OFF
2826,NOT
2827,NOT
2828,NOT
2829,NOT
2830,NOT
2831,NOT
2832,NOT
2833,NOT
2834,NOT
2835,NOT
2836,NOT
2837,NOT
2838,NOT
2839,OFF
2840,NOT
2841,NOT
2842,NOT
2843,NOT
2844,NOT
2845,NOT
2846,NOT
2847,NOT
2848,NOT
2849,NOT
2850,NOT
2851,NOT
2852,NOT
2853,NOT
2854,OFF
2855,NOT
2856,NOT
2857,NOT
2858,NOT
2859,NOT
2860,OFF
2861,NOT
2862,NOT
2863,NOT
2864,NOT
2865,NOT
2866,OFF
2867,NOT
2868,NOT
2869,NOT
2870,NOT
2871,NOT
2872,NOT
2873,NOT
2874,NOT
2875,NOT
2876,NOT
2877,NOT
2878,NOT
2879,NOT
2880,NOT
2881,NOT
2882,NOT
2883,NOT
2884,NOT
2885,NOT
2886,NOT
2887,NOT
2888,NOT
2889,NOT
2890,NOT
2891,NOT
2892,NOT
2893,NOT
2894,NOT
2895,NOT
2896,OFF
2897,NOT
2898,NOT
2899,NOT
2900,NOT
2901,NOT
2902,NOT
2903,NOT
2904,NOT
2905,OFF
2906,NOT
2907,NOT
2908,NOT
2909,NOT
2910,NOT
2911,NOT
2912,NOT
2913,OFF
2914,NOT
2915,NOT
2916,OFF
2917,NOT
2918,NOT
2919,NOT
2920,NOT
2921,NOT
2922,NOT
2923,NOT
2924,NOT
2925,NOT
2926,NOT
2927,NOT
2928,NOT
2929,NOT
2930,NOT
2931,NOT
2932,NOT
2933,NOT
2934,NOT
2935,NOT
2936,NOT
2937,NOT
2938,NOT
2939,NOT
2940,NOT
2941,NOT
2942,NOT
2943,NOT
2944,NOT
2945,OFF
2946,NOT
2947,NOT
2948,NOT
2949,NOT
2950,NOT
2951,NOT
2952,OFF
2953,NOT
2954,OFF
2955,NOT
2956,NOT
2957,NOT
2958,OFF
2959,NOT
2960,NOT
2961,NOT
2962,NOT
2963,OFF
2964,NOT
2965,NOT
2966,NOT
2967,NOT
2968,OFF
2969,NOT
2970,NOT
2971,NOT
2972,NOT
2973,NOT
2974,NOT
2975,OFF
2976,NOT
2977,OFF
2978,NOT
2979,NOT
2980,NOT
2981,NOT
2982,NOT
2983,NOT
2984,NOT
2985,NOT
2986,NOT
2987,NOT
2988,NOT
2989,OFF
2990,NOT
2991,NOT
2992,NOT
2993,NOT
2994,NOT
2995,NOT
2996,NOT
2997,NOT
2998,OFF
2999,OFF
3000,NOT
3001,NOT
3002,NOT
3003,NOT
3004,NOT
3005,NOT
3006,NOT
3007,NOT
3008,NOT
3009,NOT
3010,NOT
3011,OFF
3012,NOT
3013,NOT
3014,NOT
3015,NOT
3016,NOT
3017,NOT
3018,NOT
3019,OFF
3020,NOT
3021,NOT
3022,NOT
3023,NOT
3024,NOT
3025,NOT
3026,NOT
3027,NOT
3028,NOT
3029,NOT
3030,NOT
3031,NOT
3032,NOT
3033,NOT
3034,NOT
3035,NOT
3036,NOT
3037,NOT
3038,NOT
3039,NOT
3040,NOT
3041,NOT
3042,NOT
3043,NOT
3044,NOT
3045,NOT
3046,OFF
3047,NOT
3048,NOT
3049,NOT
3050,NOT
3051,NOT
3052,NOT
3053,NOT
3054,OFF
3055,NOT
3056,NOT
3057,NOT
3058,NOT
3059,NOT
3060,NOT
3061,NOT
3062,NOT
3063,OFF
3064,NOT
3065,OFF
3066,NOT
3067,NOT
3068,NOT
3069,NOT
3070,NOT
3071,NOT
3072,NOT
3073,NOT
3074,NOT
3075,NOT
3076,NOT
3077,OFF
3078,NOT
3079,NOT
3080,NOT
3081,NOT
3082,NOT
3083,NOT
3084,NOT
3085,NOT
3086,NOT
3087,NOT
3088,NOT
3089,NOT
3090,NOT
3091,NOT
3092,NOT
3093,NOT
3094,NOT
3095,NOT
3096,NOT
3097,NOT
3098,NOT
3099,NOT
3100,NOT
3101,NOT
3102,OFF
3103,OFF
3104,NOT
3105,NOT
3106,NOT
3107,NOT
3108,NOT
3109,NOT
3110,NOT
3111,OFF
3112,OFF
3113,NOT
3114,NOT
3115,OFF
3116,NOT
3117,OFF
3118,NOT
3119,NOT
3120,NOT
3121,NOT
3122,NOT
3123,NOT
3124,NOT
3125,NOT
3126,NOT
3127,NOT
3128,NOT
3129,NOT
3130,OFF
3131,NOT
3132,NOT
3133,NOT
3134,NOT
3135,NOT
3136,NOT
3137,NOT
3138,OFF
3139,NOT
3140,NOT
3141,NOT
3142,NOT
3143,NOT
3144,NOT
3145,OFF
3146,NOT
3147,NOT
3148,NOT
3149,NOT
3150,NOT
3151,OFF
3152,NOT
3153,NOT
3154,NOT
3155,NOT
3156,NOT
3157,NOT
3158,NOT
3159,NOT
3160,NOT
3161,NOT
3162,NOT
3163,NOT
3164,NOT
3165,NOT
3166,NOT
3167,NOT
3168,OFF
3169,NOT
3170,NOT
3171,NOT
3172,NOT
3173,NOT
3174,NOT
3175,OFF
3176,OFF
3177,NOT
3178,NOT
3179,NOT
3180,NOT
3181,OFF
3182,NOT
3183,NOT
3184,NOT
3185,OFF
3186,OFF
3187,NOT
3188,NOT
3189,NOT
3190,NOT
3191,NOT
3192,NOT
3193,NOT
3194,NOT
3195,NOT
3196,OFF
3197,NOT
3198,NOT
3199,NOT
3200,NOT
3201,NOT
3202,NOT
3203,NOT
3204,NOT
3205,NOT
3206,NOT
3207,NOT
3208,NOT
3209,NOT
3210,NOT
3211,NOT
3212,NOT
3213,NOT
3214,OFF
3215,NOT
3216,NOT
3217,NOT
3218,NOT
3219,OFF
3220,OFF
3221,NOT
3222,NOT
3223,NOT
3224,NOT
3225,NOT
3226,NOT
3227,NOT
3228,OFF
3229,NOT
3230,NOT
3231,NOT
3232,NOT
3233,NOT
3234,NOT
3235,OFF
3236,OFF
3237,OFF
3238,NOT
3239,NOT
3240,OFF
3241,OFF
3242,NOT
3243,NOT
3244,NOT
3245,NOT
3246,NOT
3247,NOT
3248,NOT
3249,NOT
3250,NOT
3251,NOT
3252,NOT
3253,NOT
3254,NOT
3255,NOT
3256,NOT
3257,NOT
3258,NOT
3259,NOT
3260,OFF
3261,NOT
3262,NOT
3263,NOT
3264,NOT
3265,NOT
3266,NOT
3267,NOT
3268,NOT
3269,NOT
